"LAKE_ID","year","acid"
"1310NAS0034",1985,786.4665702
"1310NAS0034",1986,937.3244716
"1310NAS0034",1987,816.9040266
"1310NAS0034",1988,702.051505
"1310NAS0034",1989,926.4967651
"1310NAS0034",1990,981.7930995
"1310NAS0034",1991,908.8425293
"1310NAS0034",1992,739.949646
"1310NAS0034",1993,778.4104527
"1310NAS0034",1994,834.8873378
"1310NAS0034",1995,716.1650739
"1310NAS0034",1996,897.2498343
"1310NAS0034",1997,661.3515712
"1310NAS0034",1998,719.6274211
"1310NAS0034",1999,488.6954476
"1310NAS0034",2000,943.3772583
"1310NAS0034",2001,552.2070051
"1310NAS0034",2002,829.4317017
"1310NAS0034",2003,746.670384
"1310NAS0034",2004,677.0671038
"1310NAS0034",2005,583.363787
"1310NAS0034",2006,611.6635655
"1310NAS0034",2007,749.9801897
"1310NAS0034",2008,672.7932565
"1310NAS0034",2009,440.5343802
"1310NAS0034",2010,350.0776847
"1310NAS0034",2011,478.6989223
"1310NAS0034",2012,357.7568447
"1310NAS0034",2013,420.174905
"1310NAS0034",2014,363.5524597
"1310NAS0034",2015,349.4654628
"1310NAS0034",2016,325.5001613
"1310NAS0034",2017,317.2554496
"1310NAS0034",2018,314.7863566
"0703DER0139A",1985,1087.038147
"0703DER0139A",1986,1253.826965
"0703DER0139A",1987,931.4812317
"0703DER0139A",1988,840.7005615
"0703DER0139A",1989,1047.275513
"0703DER0139A",1990,1285.983704
"0703DER0139A",1991,1022.413696
"0703DER0139A",1992,1056.147949
"0703DER0139A",1993,932.7664185
"0703DER0139A",1994,994.8563538
"0703DER0139A",1995,761.1080627
"0703DER0139A",1996,1034.271973
"0703DER0139A",1997,834.5925293
"0703DER0139A",1998,920.9098206
"0703DER0139A",1999,717.467804
"0703DER0139A",2000,1159.209961
"0703DER0139A",2001,891.2479553
"0703DER0139A",2002,1033.250671
"0703DER0139A",2003,1014.152405
"0703DER0139A",2004,896.3609009
"0703DER0139A",2005,716.4697876
"0703DER0139A",2006,827.2012634
"0703DER0139A",2007,872.5437622
"0703DER0139A",2008,657.1129761
"0703DER0139A",2009,541.8492126
"0703DER0139A",2010,490.8752899
"0703DER0139A",2011,639.9664307
"0703DER0139A",2012,467.6929474
"0703DER0139A",2013,610.3755493
"0703DER0139A",2014,535.0014343
"0703DER0139A",2015,452.6109619
"0703DER0139A",2016,437.3811951
"0703DER0139A",2017,474.3905487
"0703DER0139A",2018,425.4745387
"0705DUC0222",1985,1154.683289
"0705DUC0222",1986,1376.140259
"0705DUC0222",1987,1010.167206
"0705DUC0222",1988,856.1176147
"0705DUC0222",1989,981.7936707
"0705DUC0222",1990,1263.067688
"0705DUC0222",1991,1045.026855
"0705DUC0222",1992,1207.834778
"0705DUC0222",1993,939.1859741
"0705DUC0222",1994,824.8985596
"0705DUC0222",1995,711.0995483
"0705DUC0222",1996,918.692627
"0705DUC0222",1997,782.5536804
"0705DUC0222",1998,867.6987305
"0705DUC0222",1999,710.3622742
"0705DUC0222",2000,997.723877
"0705DUC0222",2001,739.5743713
"0705DUC0222",2002,895.1798401
"0705DUC0222",2003,863.7193298
"0705DUC0222",2004,833.4442749
"0705DUC0222",2005,704.7022705
"0705DUC0222",2006,781.4764404
"0705DUC0222",2007,770.4333801
"0705DUC0222",2008,677.9291382
"0705DUC0222",2009,537.7556458
"0705DUC0222",2010,491.4205627
"0705DUC0222",2011,608.3414001
"0705DUC0222",2012,493.2028351
"0705DUC0222",2013,592.217041
"0705DUC0222",2014,500.1951599
"0705DUC0222",2015,506.8490143
"0705DUC0222",2016,436.668457
"0705DUC0222",2017,518.6242676
"0705DUC0222",2018,453.9718492
"0705COM0333",1985,1086.589661
"0705COM0333",1986,1398.644714
"0705COM0333",1987,1119.02356
"0705COM0333",1988,895.901123
"0705COM0333",1989,1082.984741
"0705COM0333",1990,1438.699646
"0705COM0333",1991,1106.470703
"0705COM0333",1992,1210.858826
"0705COM0333",1993,1084.939148
"0705COM0333",1994,1146.441895
"0705COM0333",1995,830.2113037
"0705COM0333",1996,1079.919373
"0705COM0333",1997,877.5856861
"0705COM0333",1998,943.4609864
"0705COM0333",1999,874.711731
"0705COM0333",2000,1146.77832
"0705COM0333",2001,868.7581482
"0705COM0333",2002,1017.790283
"0705COM0333",2003,965.2541504
"0705COM0333",2004,959.719635
"0705COM0333",2005,810.461731
"0705COM0333",2006,879.1188965
"0705COM0333",2007,902.6982422
"0705COM0333",2008,746.72229
"0705COM0333",2009,641.5056458
"0705COM0333",2010,574.0143738
"0705COM0333",2011,718.085083
"0705COM0333",2012,515.459895
"0705COM0333",2013,659.8381042
"0705COM0333",2014,571.525116
"0705COM0333",2015,525.8468018
"0705COM0333",2016,446.5550079
"0705COM0333",2017,527.2862549
"0705COM0333",2018,435.5819184
"0906BUT0054",1985,1004.950066
"0906BUT0054",1986,1018.14428
"0906BUT0054",1987,875.3751221
"0906BUT0054",1988,824.3922255
"0906BUT0054",1989,792.1812609
"0906BUT0054",1990,934.3237033
"0906BUT0054",1991,897.3580933
"0906BUT0054",1992,826.7181464
"0906BUT0054",1993,846.1936239
"0906BUT0054",1994,749.1786652
"0906BUT0054",1995,701.7585983
"0906BUT0054",1996,734.4768982
"0906BUT0054",1997,759.4547272
"0906BUT0054",1998,780.3737564
"0906BUT0054",1999,517.7460709
"0906BUT0054",2000,881.0413208
"0906BUT0054",2001,629.32621
"0906BUT0054",2002,740.9382706
"0906BUT0054",2003,759.890274
"0906BUT0054",2004,583.7426758
"0906BUT0054",2005,575.1858368
"0906BUT0054",2006,515.2928505
"0906BUT0054",2007,584.0188217
"0906BUT0054",2008,578.1987381
"0906BUT0054",2009,389.7190704
"0906BUT0054",2010,377.6214638
"0906BUT0054",2011,441.244545
"0906BUT0054",2012,375.1101379
"0906BUT0054",2013,444.6891365
"0906BUT0054",2014,449.8045006
"0906BUT0054",2015,341.7571793
"0906BUT0054",2016,364.5522308
"0906BUT0054",2017,443.2897568
"0906BUT0054",2018,318.1791484
"0403SIL0115",1985,1099.145455
"0403SIL0115",1986,1144.533447
"0403SIL0115",1987,1027.018276
"0403SIL0115",1988,892.1522478
"0403SIL0115",1989,1041.377407
"0403SIL0115",1990,1060.290702
"0403SIL0115",1991,896.4193377
"0403SIL0115",1992,1077.845285
"0403SIL0115",1993,839.2379935
"0403SIL0115",1994,888.3292934
"0403SIL0115",1995,756.8365391
"0403SIL0115",1996,1018.738892
"0403SIL0115",1997,869.4022217
"0403SIL0115",1998,873.8048553
"0403SIL0115",1999,722.5458287
"0403SIL0115",2000,998.2741961
"0403SIL0115",2001,734.5089199
"0403SIL0115",2002,940.0101493
"0403SIL0115",2003,830.6798532
"0403SIL0115",2004,841.75
"0403SIL0115",2005,607.338126
"0403SIL0115",2006,774.1469116
"0403SIL0115",2007,674.0151978
"0403SIL0115",2008,660.6098807
"0403SIL0115",2009,490.7663967
"0403SIL0115",2010,487.6016453
"0403SIL0115",2011,609.0313721
"0403SIL0115",2012,517.3531914
"0403SIL0115",2013,508.3618251
"0403SIL0115",2014,435.1442086
"0403SIL0115",2015,393.9646301
"0403SIL0115",2016,313.6318883
"0403SIL0115",2017,489.7866821
"0403SIL0115",2018,435.1357625
"0703CAZ0153",1985,1095.181183
"0703CAZ0153",1986,1301.769806
"0703CAZ0153",1987,988.2884674
"0703CAZ0153",1988,887.0309906
"0703CAZ0153",1989,1063.410156
"0703CAZ0153",1990,1292.562653
"0703CAZ0153",1991,1039.008026
"0703CAZ0153",1992,1077.847382
"0703CAZ0153",1993,1003.019012
"0703CAZ0153",1994,978.7019958
"0703CAZ0153",1995,776.2284241
"0703CAZ0153",1996,1003.443497
"0703CAZ0153",1997,867.6572266
"0703CAZ0153",1998,929.2750397
"0703CAZ0153",1999,696.4774323
"0703CAZ0153",2000,1162.321198
"0703CAZ0153",2001,907.4259644
"0703CAZ0153",2002,1046.896484
"0703CAZ0153",2003,1018.047852
"0703CAZ0153",2004,877.093811
"0703CAZ0153",2005,697.4302216
"0703CAZ0153",2006,789.8450165
"0703CAZ0153",2007,852.4470062
"0703CAZ0153",2008,651.3882141
"0703CAZ0153",2009,520.5476227
"0703CAZ0153",2010,480.6432343
"0703CAZ0153",2011,627.2188568
"0703CAZ0153",2012,457.2476501
"0703CAZ0153",2013,604.0628418
"0703CAZ0153",2014,521.2411621
"0703CAZ0153",2015,475.9316406
"0703CAZ0153",2016,448.9030762
"0703CAZ0153",2017,461.1768433
"0703CAZ0153",2018,417.3448486
"0706OWA0212",1985,1073.913268
"0706OWA0212",1986,1412.019748
"0706OWA0212",1987,1121.872667
"0706OWA0212",1988,844.9856048
"0706OWA0212",1989,1060.584504
"0706OWA0212",1990,1403.134608
"0706OWA0212",1991,1072.855765
"0706OWA0212",1992,1200.582222
"0706OWA0212",1993,1030.130045
"0706OWA0212",1994,1027.038012
"0706OWA0212",1995,797.4746782
"0706OWA0212",1996,1045.346422
"0706OWA0212",1997,833.6892923
"0706OWA0212",1998,907.343634
"0706OWA0212",1999,850.4171078
"0706OWA0212",2000,1117.682129
"0706OWA0212",2001,822.9265325
"0706OWA0212",2002,969.759802
"0706OWA0212",2003,918.1059681
"0706OWA0212",2004,949.5507825
"0706OWA0212",2005,820.3977057
"0706OWA0212",2006,873.6610133
"0706OWA0212",2007,872.3682498
"0706OWA0212",2008,730.8886849
"0706OWA0212",2009,640.3953306
"0706OWA0212",2010,577.3069896
"0706OWA0212",2011,705.595983
"0706OWA0212",2012,511.7331038
"0706OWA0212",2013,637.9481772
"0706OWA0212",2014,555.7906855
"0706OWA0212",2015,544.0912728
"0706OWA0212",2016,431.1000954
"0706OWA0212",2017,510.0665267
"0706OWA0212",2018,403.7282085
"0703TUS0153A",1985,1115.120117
"0703TUS0153A",1986,1261.21167
"0703TUS0153A",1987,963.0562948
"0703TUS0153A",1988,827.2599894
"0703TUS0153A",1989,1015.302368
"0703TUS0153A",1990,1288.106852
"0703TUS0153A",1991,1018.842448
"0703TUS0153A",1992,1057.299845
"0703TUS0153A",1993,978.9910278
"0703TUS0153A",1994,994.4637756
"0703TUS0153A",1995,782.758606
"0703TUS0153A",1996,1043.796875
"0703TUS0153A",1997,865.575592
"0703TUS0153A",1998,935.0422974
"0703TUS0153A",1999,691.2599182
"0703TUS0153A",2000,1215.889099
"0703TUS0153A",2001,933.7170715
"0703TUS0153A",2002,1094.062561
"0703TUS0153A",2003,1108.972107
"0703TUS0153A",2004,876.5221252
"0703TUS0153A",2005,695.8791809
"0703TUS0153A",2006,852.6112671
"0703TUS0153A",2007,972.896698
"0703TUS0153A",2008,699.7030334
"0703TUS0153A",2009,560.4684448
"0703TUS0153A",2010,510.5289764
"0703TUS0153A",2011,633.7472534
"0703TUS0153A",2012,503.5016937
"0703TUS0153A",2013,628.3080444
"0703TUS0153A",2014,509.9580841
"0703TUS0153A",2015,460.7290955
"0703TUS0153A",2016,443.1397552
"0703TUS0153A",2017,459.7924805
"0703TUS0153A",2018,440.0048345
"0801SEC0782B",1985,981.1479218
"0801SEC0782B",1986,1090.108099
"0801SEC0782B",1987,980.4662231
"0801SEC0782B",1988,922.8632263
"0801SEC0782B",1989,973.3523804
"0801SEC0782B",1990,1125.493079
"0801SEC0782B",1991,964.7375488
"0801SEC0782B",1992,893.7402283
"0801SEC0782B",1993,927.1032227
"0801SEC0782B",1994,987.069365
"0801SEC0782B",1995,758.9877407
"0801SEC0782B",1996,832.2665725
"0801SEC0782B",1997,832.161778
"0801SEC0782B",1998,925.8204288
"0801SEC0782B",1999,561.9865432
"0801SEC0782B",2000,959.3563872
"0801SEC0782B",2001,808.2940994
"0801SEC0782B",2002,928.2762073
"0801SEC0782B",2003,839.5563384
"0801SEC0782B",2004,637.3395008
"0801SEC0782B",2005,601.9567232
"0801SEC0782B",2006,595.3621332
"0801SEC0782B",2007,658.5922154
"0801SEC0782B",2008,593.5728091
"0801SEC0782B",2009,475.7130897
"0801SEC0782B",2010,336.2001168
"0801SEC0782B",2011,562.9329514
"0801SEC0782B",2012,482.9399618
"0801SEC0782B",2013,521.6716338
"0801SEC0782B",2014,481.0154739
"0801SEC0782B",2015,381.9097159
"0801SEC0782B",2016,410.419438
"0801SEC0782B",2017,453.5830064
"0801SEC0782B",2018,325.4107513
"0906BLA0001",1985,1017.183931
"0906BLA0001",1986,1042.043645
"0906BLA0001",1987,896.7651925
"0906BLA0001",1988,839.5337015
"0906BLA0001",1989,850.7504975
"0906BLA0001",1990,984.2087412
"0906BLA0001",1991,932.4612275
"0906BLA0001",1992,831.2256477
"0906BLA0001",1993,861.0731332
"0906BLA0001",1994,756.3653003
"0906BLA0001",1995,713.2772635
"0906BLA0001",1996,751.0861701
"0906BLA0001",1997,786.9102485
"0906BLA0001",1998,797.880638
"0906BLA0001",1999,519.4131063
"0906BLA0001",2000,915.2317364
"0906BLA0001",2001,664.128003
"0906BLA0001",2002,772.7511592
"0906BLA0001",2003,778.6815139
"0906BLA0001",2004,589.5330297
"0906BLA0001",2005,577.8995331
"0906BLA0001",2006,523.5936269
"0906BLA0001",2007,578.6618222
"0906BLA0001",2008,573.5738565
"0906BLA0001",2009,406.1521526
"0906BLA0001",2010,369.3838524
"0906BLA0001",2011,439.2873561
"0906BLA0001",2012,377.7671715
"0906BLA0001",2013,458.4364698
"0906BLA0001",2014,426.1876628
"0906BLA0001",2015,346.6682145
"0906BLA0001",2016,371.5887108
"0906BLA0001",2017,448.3256457
"0906BLA0001",2018,308.3397774
"0906BON0024",1985,1014.405357
"0906BON0024",1986,1049.472122
"0906BON0024",1987,949.0724869
"0906BON0024",1988,869.5046768
"0906BON0024",1989,940.2981033
"0906BON0024",1990,1048.055176
"0906BON0024",1991,988.1250458
"0906BON0024",1992,845.6000977
"0906BON0024",1993,892.5662918
"0906BON0024",1994,795.3834
"0906BON0024",1995,735.2423401
"0906BON0024",1996,783.5520935
"0906BON0024",1997,786.9399948
"0906BON0024",1998,820.3261185
"0906BON0024",1999,531.8334427
"0906BON0024",2000,909.8690262
"0906BON0024",2001,680.3601837
"0906BON0024",2002,781.3916626
"0906BON0024",2003,776.9860992
"0906BON0024",2004,584.4670029
"0906BON0024",2005,566.7132568
"0906BON0024",2006,542.6021729
"0906BON0024",2007,598.1755219
"0906BON0024",2008,588.0945663
"0906BON0024",2009,434.3489265
"0906BON0024",2010,368.3000603
"0906BON0024",2011,459.387085
"0906BON0024",2012,392.8259626
"0906BON0024",2013,478.5789413
"0906BON0024",2014,435.888092
"0906BON0024",2015,369.8088493
"0906BON0024",2016,401.7608299
"0906BON0024",2017,466.2877197
"0906BON0024",2018,305.699585
"0201CUB0115",1985,1127.634145
"0201CUB0115",1986,1288.894602
"0201CUB0115",1987,1181.341187
"0201CUB0115",1988,1041.984461
"0201CUB0115",1989,1151.890127
"0201CUB0115",1990,1254.668559
"0201CUB0115",1991,962.8945821
"0201CUB0115",1992,1203.730042
"0201CUB0115",1993,980.6538442
"0201CUB0115",1994,1149.544933
"0201CUB0115",1995,758.590898
"0201CUB0115",1996,1115.820168
"0201CUB0115",1997,914.1578924
"0201CUB0115",1998,825.0152976
"0201CUB0115",1999,716.3746615
"0201CUB0115",2000,1009.491588
"0201CUB0115",2001,724.797502
"0201CUB0115",2002,979.3370528
"0201CUB0115",2003,931.4666249
"0201CUB0115",2004,860.4273904
"0201CUB0115",2005,608.3873735
"0201CUB0115",2006,849.1457686
"0201CUB0115",2007,735.7454335
"0201CUB0115",2008,741.6010409
"0201CUB0115",2009,562.731584
"0201CUB0115",2010,507.3338873
"0201CUB0115",2011,697.447371
"0201CUB0115",2012,606.3823242
"0201CUB0115",2013,529.1608887
"0201CUB0115",2014,534.4052512
"0201CUB0115",2015,442.9363625
"0201CUB0115",2016,432.236195
"0201CUB0115",2017,501.8322033
"0201CUB0115",2018,426.4144592
"0202CHA0122",1985,1554.49221
"0202CHA0122",1986,1648.305289
"0202CHA0122",1987,1142.130588
"0202CHA0122",1988,1236.695436
"0202CHA0122",1989,1206.769826
"0202CHA0122",1990,1404.908003
"0202CHA0122",1991,969.2337505
"0202CHA0122",1992,1179.955244
"0202CHA0122",1993,1048.49252
"0202CHA0122",1994,1174.220693
"0202CHA0122",1995,907.326258
"0202CHA0122",1996,1352.668579
"0202CHA0122",1997,1214.271887
"0202CHA0122",1998,852.9327733
"0202CHA0122",1999,880.4465002
"0202CHA0122",2000,1161.302911
"0202CHA0122",2001,904.3817419
"0202CHA0122",2002,1241.241853
"0202CHA0122",2003,1091.219773
"0202CHA0122",2004,933.4205164
"0202CHA0122",2005,710.0417768
"0202CHA0122",2006,961.787197
"0202CHA0122",2007,837.504373
"0202CHA0122",2008,818.8350658
"0202CHA0122",2009,689.8391523
"0202CHA0122",2010,625.5732142
"0202CHA0122",2011,917.6488813
"0202CHA0122",2012,726.6605079
"0202CHA0122",2013,690.528316
"0202CHA0122",2014,889.9022174
"0202CHA0122",2015,567.2946892
"0202CHA0122",2016,625.4072065
"0202CHA0122",2017,617.789889
"0202CHA0122",2018,618.4902461
"0202FIN0153",1985,1550.231567
"0202FIN0153",1986,1671.703552
"0202FIN0153",1987,1263.626831
"0202FIN0153",1988,1325.05127
"0202FIN0153",1989,1316.301208
"0202FIN0153",1990,1491.827454
"0202FIN0153",1991,987.6559448
"0202FIN0153",1992,1256.623779
"0202FIN0153",1993,1049.200623
"0202FIN0153",1994,1124.731934
"0202FIN0153",1995,859.5326538
"0202FIN0153",1996,1415.820679
"0202FIN0153",1997,1181.59668
"0202FIN0153",1998,850.0961914
"0202FIN0153",1999,829.9857483
"0202FIN0153",2000,1169.934387
"0202FIN0153",2001,927.4959412
"0202FIN0153",2002,1193.067932
"0202FIN0153",2003,1134.473206
"0202FIN0153",2004,963.1226196
"0202FIN0153",2005,668.1004944
"0202FIN0153",2006,887.2243042
"0202FIN0153",2007,877.5159302
"0202FIN0153",2008,847.7389526
"0202FIN0153",2009,686.684906
"0202FIN0153",2010,621.4767456
"0202FIN0153",2011,892.3953857
"0202FIN0153",2012,803.2235921
"0202FIN0153",2013,772.1180725
"0202FIN0153",2014,995.3085938
"0202FIN0153",2015,596.3726196
"0202FIN0153",2016,631.0875244
"0202FIN0153",2017,663.8739624
"0202FIN0153",2018,712.899106
"1302WAC0117",1985,1094.189575
"1302WAC0117",1986,1250.405457
"1302WAC0117",1987,1064.993286
"1302WAC0117",1988,901.143158
"1302WAC0117",1989,1273.233704
"1302WAC0117",1990,1257.400452
"1302WAC0117",1991,1117.191467
"1302WAC0117",1992,1174.492188
"1302WAC0117",1993,890.0144043
"1302WAC0117",1994,1169.406576
"1302WAC0117",1995,688.3059285
"1302WAC0117",1996,1019.029826
"1302WAC0117",1997,850.7898356
"1302WAC0117",1998,937.0331996
"1302WAC0117",1999,610.3562622
"1302WAC0117",2000,899.7238159
"1302WAC0117",2001,777.5820109
"1302WAC0117",2002,738.2679036
"1302WAC0117",2003,875.1853231
"1302WAC0117",2004,870.7704875
"1302WAC0117",2005,639.4395549
"1302WAC0117",2006,741.8797811
"1302WAC0117",2007,734.436849
"1302WAC0117",2008,722.6651611
"1302WAC0117",2009,523.8984375
"1302WAC0117",2010,460.9332581
"1302WAC0117",2011,674.9014689
"1302WAC0117",2012,440.3220978
"1302WAC0117",2013,420.6279093
"1302WAC0117",2014,424.4340413
"1302WAC0117",2015,360.9834493
"1302WAC0117",2016,345.6460978
"1302WAC0117",2017,346.4213969
"1302WAC0117",2018,478.2188363
"1401ANA0251",1985,1112.059814
"1401ANA0251",1986,1245.550537
"1401ANA0251",1987,1009.012207
"1401ANA0251",1988,918.3219604
"1401ANA0251",1989,976.4071045
"1401ANA0251",1990,1063.604736
"1401ANA0251",1991,840.2210083
"1401ANA0251",1992,941.2774658
"1401ANA0251",1993,902.4901123
"1401ANA0251",1994,967.7954102
"1401ANA0251",1995,751.7616577
"1401ANA0251",1996,1032.213379
"1401ANA0251",1997,729.9306641
"1401ANA0251",1998,828.0442505
"1401ANA0251",1999,616.9251099
"1401ANA0251",2000,1061.613892
"1401ANA0251",2001,662.5830078
"1401ANA0251",2002,835.8695068
"1401ANA0251",2003,865.1292114
"1401ANA0251",2004,851.4563599
"1401ANA0251",2005,563.6824951
"1401ANA0251",2006,650.8761597
"1401ANA0251",2007,740.5705566
"1401ANA0251",2008,654.1894531
"1401ANA0251",2009,557.012146
"1401ANA0251",2010,435.921814
"1401ANA0251",2011,672.7564697
"1401ANA0251",2012,533.6129733
"1401ANA0251",2013,499.7539978
"1401ANA0251",2014,444.5438538
"1401ANA0251",2015,390.3757935
"1401ANA0251",2016,367.3420715
"1401ANA0251",2017,398.5483093
"1401ANA0251",2018,448.6430054
"1404OQU0383",1985,845.5825186
"1404OQU0383",1986,1215.167547
"1404OQU0383",1987,1052.976445
"1404OQU0383",1988,869.1310357
"1404OQU0383",1989,933.643257
"1404OQU0383",1990,998.9540554
"1404OQU0383",1991,866.3050432
"1404OQU0383",1992,924.0026447
"1404OQU0383",1993,893.5270832
"1404OQU0383",1994,959.8066412
"1404OQU0383",1995,707.869316
"1404OQU0383",1996,949.4287556
"1404OQU0383",1997,694.9176216
"1404OQU0383",1998,829.1955958
"1404OQU0383",1999,621.3158592
"1404OQU0383",2000,1041.050754
"1404OQU0383",2001,653.5857386
"1404OQU0383",2002,841.23048
"1404OQU0383",2003,878.9337631
"1404OQU0383",2004,875.3164276
"1404OQU0383",2005,610.065834
"1404OQU0383",2006,738.8545147
"1404OQU0383",2007,793.7294787
"1404OQU0383",2008,660.7362472
"1404OQU0383",2009,521.0369279
"1404OQU0383",2010,403.9176899
"1404OQU0383",2011,694.3582068
"1404OQU0383",2012,484.2372493
"1404OQU0383",2013,500.4370375
"1404OQU0383",2014,441.2899385
"1404OQU0383",2015,406.4581525
"1404OQU0383",2016,371.6274072
"1404OQU0383",2017,380.5268536
"1404OQU0383",2018,445.9483468
"1402WOL0037",1985,1138.137701
"1402WOL0037",1986,1321.357457
"1402WOL0037",1987,1048.252867
"1402WOL0037",1988,961.0045197
"1402WOL0037",1989,1074.295379
"1402WOL0037",1990,1118.506387
"1402WOL0037",1991,922.1368079
"1402WOL0037",1992,1042.216749
"1402WOL0037",1993,947.8499741
"1402WOL0037",1994,1077.324923
"1402WOL0037",1995,783.1642106
"1402WOL0037",1996,1133.43736
"1402WOL0037",1997,746.3795938
"1402WOL0037",1998,893.4486141
"1402WOL0037",1999,672.4421244
"1402WOL0037",2000,993.2269959
"1402WOL0037",2001,652.7287423
"1402WOL0037",2002,792.0629829
"1402WOL0037",2003,881.9430886
"1402WOL0037",2004,813.354289
"1402WOL0037",2005,649.8763885
"1402WOL0037",2006,756.5941306
"1402WOL0037",2007,760.4972223
"1402WOL0037",2008,675.8780737
"1402WOL0037",2009,595.6345529
"1402WOL0037",2010,465.3754632
"1402WOL0037",2011,724.1566686
"1402WOL0037",2012,531.6392418
"1402WOL0037",2013,460.6941428
"1402WOL0037",2014,399.6106244
"1402WOL0037",2015,434.3011661
"1402WOL0037",2016,318.5515408
"1402WOL0037",2017,392.2944344
"1402WOL0037",2018,443.0259026
"1104BRA0347",1985,787.443353
"1104BRA0347",1986,894.1042673
"1104BRA0347",1987,876.0948679
"1104BRA0347",1988,750.0027916
"1104BRA0347",1989,835.3567473
"1104BRA0347",1990,1019.382054
"1104BRA0347",1991,731.7722007
"1104BRA0347",1992,697.6050351
"1104BRA0347",1993,713.7459942
"1104BRA0347",1994,872.3460155
"1104BRA0347",1995,610.8481445
"1104BRA0347",1996,692.8564238
"1104BRA0347",1997,639.6289888
"1104BRA0347",1998,721.5564204
"1104BRA0347",1999,463.6702001
"1104BRA0347",2000,757.3499181
"1104BRA0347",2001,518.2272788
"1104BRA0347",2002,713.1812385
"1104BRA0347",2003,647.2927426
"1104BRA0347",2004,586.9164824
"1104BRA0347",2005,535.6306404
"1104BRA0347",2006,547.0647583
"1104BRA0347",2007,600.942627
"1104BRA0347",2008,602.4447237
"1104BRA0347",2009,420.0599706
"1104BRA0347",2010,371.2845495
"1104BRA0347",2011,499.3352607
"1104BRA0347",2012,382.8734719
"1104BRA0347",2013,390.4287038
"1104BRA0347",2014,372.3684244
"1104BRA0347",2015,315.2735255
"1104BRA0347",2016,277.7391016
"1104BRA0347",2017,339.8645756
"1104BRA0347",2018,277.9279404
"1104GOO0672A",1985,791.7973785
"1104GOO0672A",1986,864.2538656
"1104GOO0672A",1987,771.9631958
"1104GOO0672A",1988,840.6875102
"1104GOO0672A",1989,853.2139435
"1104GOO0672A",1990,928.6541189
"1104GOO0672A",1991,695.2221883
"1104GOO0672A",1992,587.0607045
"1104GOO0672A",1993,712.2324524
"1104GOO0672A",1994,790.4698588
"1104GOO0672A",1995,687.175588
"1104GOO0672A",1996,730.8468221
"1104GOO0672A",1997,650.7334035
"1104GOO0672A",1998,700.9619649
"1104GOO0672A",1999,496.135615
"1104GOO0672A",2000,692.930776
"1104GOO0672A",2001,559.0573324
"1104GOO0672A",2002,639.0958049
"1104GOO0672A",2003,636.5104574
"1104GOO0672A",2004,563.771698
"1104GOO0672A",2005,516.4480972
"1104GOO0672A",2006,526.0288289
"1104GOO0672A",2007,591.9391734
"1104GOO0672A",2008,601.2258708
"1104GOO0672A",2009,398.1774877
"1104GOO0672A",2010,327.9208908
"1104GOO0672A",2011,513.0468877
"1104GOO0672A",2012,361.4848022
"1104GOO0672A",2013,361.2479833
"1104GOO0672A",2014,318.4091975
"1104GOO0672A",2015,259.4589335
"1104GOO0672A",2016,299.2509562
"1104GOO0672A",2017,321.8121516
"1104GOO0672A",2018,213.6579857
"1104GAR0520",1985,882.8793335
"1104GAR0520",1986,1063.555206
"1104GAR0520",1987,1007.546707
"1104GAR0520",1988,917.3010254
"1104GAR0520",1989,962.1225281
"1104GAR0520",1990,1134.430786
"1104GAR0520",1991,811.9900665
"1104GAR0520",1992,823.1103363
"1104GAR0520",1993,802.5814514
"1104GAR0520",1994,989.240214
"1104GAR0520",1995,705.6542969
"1104GAR0520",1996,814.37087
"1104GAR0520",1997,734.9603475
"1104GAR0520",1998,772.1597748
"1104GAR0520",1999,524.8639221
"1104GAR0520",2000,841.4313354
"1104GAR0520",2001,575.1315715
"1104GAR0520",2002,811.9480794
"1104GAR0520",2003,724.7959798
"1104GAR0520",2004,642.947876
"1104GAR0520",2005,584.7136841
"1104GAR0520",2006,616.5685018
"1104GAR0520",2007,649.8920085
"1104GAR0520",2008,624.2818604
"1104GAR0520",2009,455.8011068
"1104GAR0520",2010,395.777537
"1104GAR0520",2011,549.2278035
"1104GAR0520",2012,429.5408783
"1104GAR0520",2013,455.7256673
"1104GAR0520",2014,409.8571167
"1104GAR0520",2015,336.5165609
"1104GAR0520",2016,357.8043111
"1104GAR0520",2017,388.1811727
"1104GAR0520",2018,310.440918
"1104SAC0314",1985,962.804682
"1104SAC0314",1986,1195.561923
"1104SAC0314",1987,1040.253424
"1104SAC0314",1988,962.200384
"1104SAC0314",1989,1041.632729
"1104SAC0314",1990,1197.977029
"1104SAC0314",1991,886.5390015
"1104SAC0314",1992,905.181169
"1104SAC0314",1993,962.0417591
"1104SAC0314",1994,1010.900995
"1104SAC0314",1995,797.5631348
"1104SAC0314",1996,877.592511
"1104SAC0314",1997,897.7128601
"1104SAC0314",1998,851.2676866
"1104SAC0314",1999,594.7922729
"1104SAC0314",2000,896.0351807
"1104SAC0314",2001,642.2640991
"1104SAC0314",2002,860.065625
"1104SAC0314",2003,778.0844543
"1104SAC0314",2004,686.9413513
"1104SAC0314",2005,660.7314819
"1104SAC0314",2006,640.7626282
"1104SAC0314",2007,654.6998108
"1104SAC0314",2008,624.9244873
"1104SAC0314",2009,491.9695435
"1104SAC0314",2010,379.6866547
"1104SAC0314",2011,599.8340759
"1104SAC0314",2012,443.1145966
"1104SAC0314",2013,515.9219025
"1104SAC0314",2014,448.8638306
"1104SAC0314",2015,373.3022888
"1104SAC0314",2016,390.9778595
"1104SAC0314",2017,454.1346069
"1104SAC0314",2018,420.7539673
"0602LEB0153",1985,1043.456624
"0602LEB0153",1986,1150.810994
"0602LEB0153",1987,887.5539958
"0602LEB0153",1988,777.9200846
"0602LEB0153",1989,935.8428345
"0602LEB0153",1990,1208.896606
"0602LEB0153",1991,960.0078735
"0602LEB0153",1992,964.0020142
"0602LEB0153",1993,944.6992188
"0602LEB0153",1994,930.4932556
"0602LEB0153",1995,692.2340088
"0602LEB0153",1996,949.3945923
"0602LEB0153",1997,768.7835693
"0602LEB0153",1998,871.4972534
"0602LEB0153",1999,603.2133484
"0602LEB0153",2000,1130.749268
"0602LEB0153",2001,814.4049072
"0602LEB0153",2002,1011.160645
"0602LEB0153",2003,995.0293579
"0602LEB0153",2004,806.7649231
"0602LEB0153",2005,616.3469238
"0602LEB0153",2006,767.0945435
"0602LEB0153",2007,841.5380859
"0602LEB0153",2008,629.6503296
"0602LEB0153",2009,504.8300018
"0602LEB0153",2010,450.1182098
"0602LEB0153",2011,624.7715454
"0602LEB0153",2012,470.2774458
"0602LEB0153",2013,575.2522583
"0602LEB0153",2014,488.525238
"0602LEB0153",2015,425.8686371
"0602LEB0153",2016,405.0119324
"0602LEB0153",2017,444.6299896
"0602LEB0153",2018,433.2358585
"0602EAR0146",1985,975.7094738
"0602EAR0146",1986,1099.742131
"0602EAR0146",1987,844.2841675
"0602EAR0146",1988,800.5970997
"0602EAR0146",1989,921.8105953
"0602EAR0146",1990,1108.734521
"0602EAR0146",1991,916.6560473
"0602EAR0146",1992,961.2514567
"0602EAR0146",1993,915.7451754
"0602EAR0146",1994,914.4623225
"0602EAR0146",1995,630.6130782
"0602EAR0146",1996,888.7081105
"0602EAR0146",1997,674.4950021
"0602EAR0146",1998,814.7033666
"0602EAR0146",1999,542.7290616
"0602EAR0146",2000,1080.742635
"0602EAR0146",2001,720.7790928
"0602EAR0146",2002,942.8468305
"0602EAR0146",2003,902.0796267
"0602EAR0146",2004,747.5042688
"0602EAR0146",2005,602.7332561
"0602EAR0146",2006,723.8472911
"0602EAR0146",2007,785.3366093
"0602EAR0146",2008,584.1128425
"0602EAR0146",2009,477.8033162
"0602EAR0146",2010,400.0062127
"0602EAR0146",2011,619.3900596
"0602EAR0146",2012,448.1331963
"0602EAR0146",2013,564.6525989
"0602EAR0146",2014,456.0386319
"0602EAR0146",2015,396.7723086
"0602EAR0146",2016,396.6272084
"0602EAR0146",2017,425.3238556
"0602EAR0146",2018,419.9635455
"0602MOR0152",1985,1011.613647
"0602MOR0152",1986,1142.34967
"0602MOR0152",1987,886.5674438
"0602MOR0152",1988,810.1767578
"0602MOR0152",1989,928.9336395
"0602MOR0152",1990,1152.214081
"0602MOR0152",1991,940.7244415
"0602MOR0152",1992,952.0079346
"0602MOR0152",1993,928.4761963
"0602MOR0152",1994,918.137207
"0602MOR0152",1995,661.1053345
"0602MOR0152",1996,905.9632568
"0602MOR0152",1997,757.325769
"0602MOR0152",1998,834.1402995
"0602MOR0152",1999,555.4859497
"0602MOR0152",2000,1108.209766
"0602MOR0152",2001,768.9985352
"0602MOR0152",2002,989.5945679
"0602MOR0152",2003,935.6918701
"0602MOR0152",2004,757.2634644
"0602MOR0152",2005,570.5516724
"0602MOR0152",2006,687.6546997
"0602MOR0152",2007,807.6023804
"0602MOR0152",2008,609.0306763
"0602MOR0152",2009,464.2376892
"0602MOR0152",2010,418.6446289
"0602MOR0152",2011,581.658374
"0602MOR0152",2012,447.6637726
"0602MOR0152",2013,557.8258423
"0602MOR0152",2014,480.4187012
"0602MOR0152",2015,422.8326111
"0602MOR0152",2016,404.3077576
"0602MOR0152",2017,417.0716553
"0602MOR0152",2018,395.4823569
"0402CON0067",1985,889.2276887
"0402CON0067",1986,1032.621344
"0402CON0067",1987,975.8443623
"0402CON0067",1988,781.0234828
"0402CON0067",1989,927.4584646
"0402CON0067",1990,1024.426512
"0402CON0067",1991,795.910487
"0402CON0067",1992,999.0383852
"0402CON0067",1993,804.9723137
"0402CON0067",1994,869.9430503
"0402CON0067",1995,586.1320013
"0402CON0067",1996,902.1752693
"0402CON0067",1997,673.2847743
"0402CON0067",1998,761.5080082
"0402CON0067",1999,564.8783254
"0402CON0067",2000,830.378857
"0402CON0067",2001,595.5005336
"0402CON0067",2002,743.0630631
"0402CON0067",2003,729.8825999
"0402CON0067",2004,763.3769295
"0402CON0067",2005,557.422253
"0402CON0067",2006,681.3596132
"0402CON0067",2007,608.6058822
"0402CON0067",2008,582.0426675
"0402CON0067",2009,414.8584831
"0402CON0067",2010,457.1139477
"0402CON0067",2011,543.4406719
"0402CON0067",2012,486.1996786
"0402CON0067",2013,455.5021254
"0402CON0067",2014,467.0875057
"0402CON0067",2015,406.0626487
"0402CON0067",2016,330.7903659
"0402CON0067",2017,433.7219238
"0402CON0067",2018,397.3975703
"0601CAN0392",1985,1029.522058
"0601CAN0392",1986,1252.865682
"0601CAN0392",1987,991.8108805
"0601CAN0392",1988,927.3309102
"0601CAN0392",1989,996.7912313
"0601CAN0392",1990,1208.995239
"0601CAN0392",1991,1036.420601
"0601CAN0392",1992,1001.022156
"0601CAN0392",1993,940.1320862
"0601CAN0392",1994,982.8160223
"0601CAN0392",1995,702.6152521
"0601CAN0392",1996,911.3381308
"0601CAN0392",1997,763.441206
"0601CAN0392",1998,830.735562
"0601CAN0392",1999,555.9590592
"0601CAN0392",2000,1135.340935
"0601CAN0392",2001,690.2918248
"0601CAN0392",2002,949.4343419
"0601CAN0392",2003,863.3851279
"0601CAN0392",2004,719.4026706
"0601CAN0392",2005,568.601722
"0601CAN0392",2006,685.0489443
"0601CAN0392",2007,757.1386325
"0601CAN0392",2008,554.383537
"0601CAN0392",2009,458.5095599
"0601CAN0392",2010,411.0273359
"0601CAN0392",2011,546.7181889
"0601CAN0392",2012,413.883291
"0601CAN0392",2013,540.1057719
"0601CAN0392",2014,439.8329915
"0601CAN0392",2015,346.7495697
"0601CAN0392",2016,383.7578023
"0601CAN0392",2017,419.6988363
"0601CAN0392",2018,353.7973727
"0602EAT0163",1985,1102.691406
"0602EAT0163",1986,1231.153524
"0602EAT0163",1987,953.8678996
"0602EAT0163",1988,808.8840129
"0602EAT0163",1989,987.5716349
"0602EAT0163",1990,1276.067708
"0602EAT0163",1991,1006.027913
"0602EAT0163",1992,1027.461934
"0602EAT0163",1993,970.8041992
"0602EAT0163",1994,975.3500061
"0602EAT0163",1995,774.692627
"0602EAT0163",1996,1032.540497
"0602EAT0163",1997,854.7495117
"0602EAT0163",1998,910.6050212
"0602EAT0163",1999,680.5505371
"0602EAT0163",2000,1200.587585
"0602EAT0163",2001,923.752594
"0602EAT0163",2002,1083.527954
"0602EAT0163",2003,1094.908508
"0602EAT0163",2004,864.6200867
"0602EAT0163",2005,677.4241638
"0602EAT0163",2006,833.4610291
"0602EAT0163",2007,964.1150208
"0602EAT0163",2008,685.654541
"0602EAT0163",2009,553.0464478
"0602EAT0163",2010,505.5865326
"0602EAT0163",2011,628.2919617
"0602EAT0163",2012,492.6911926
"0602EAT0163",2013,618.9031372
"0602EAT0163",2014,514.5616913
"0602EAT0163",2015,465.2497559
"0602EAT0163",2016,438.3622894
"0602EAT0163",2017,463.8602753
"0602EAT0163",2018,439.2880738
"0602MEL0039",1985,1125.364877
"0602MEL0039",1986,1279.159885
"0602MEL0039",1987,1020.582142
"0602MEL0039",1988,1004.631375
"0602MEL0039",1989,1059.84993
"0602MEL0039",1990,1371.23013
"0602MEL0039",1991,1067.073764
"0602MEL0039",1992,1139.53459
"0602MEL0039",1993,1049.675957
"0602MEL0039",1994,1052.433629
"0602MEL0039",1995,776.026905
"0602MEL0039",1996,1055.65348
"0602MEL0039",1997,738.8837962
"0602MEL0039",1998,856.3090173
"0602MEL0039",1999,730.2475073
"0602MEL0039",2000,1168.921218
"0602MEL0039",2001,798.5837138
"0602MEL0039",2002,975.9200047
"0602MEL0039",2003,937.6565413
"0602MEL0039",2004,863.2402832
"0602MEL0039",2005,710.9441154
"0602MEL0039",2006,849.8553156
"0602MEL0039",2007,820.8626535
"0602MEL0039",2008,652.6066619
"0602MEL0039",2009,575.2835287
"0602MEL0039",2010,449.4998393
"0602MEL0039",2011,678.0534158
"0602MEL0039",2012,495.1652048
"0602MEL0039",2013,582.7899366
"0602MEL0039",2014,515.2816388
"0602MEL0039",2015,468.8687354
"0602MEL0039",2016,406.3945091
"0602MEL0039",2017,454.0018114
"0602MEL0039",2018,412.3454067
"0602PET0078",1985,974.361145
"0602PET0078",1986,1187.331787
"0602PET0078",1987,889.0175781
"0602PET0078",1988,858.2978516
"0602PET0078",1989,906.0040894
"0602PET0078",1990,1093.19397
"0602PET0078",1991,907.7672729
"0602PET0078",1992,897.9998169
"0602PET0078",1993,933.5870361
"0602PET0078",1994,971.5740356
"0602PET0078",1995,716.5264893
"0602PET0078",1996,916.7075195
"0602PET0078",1997,669.0463867
"0602PET0078",1998,819.2728586
"0602PET0078",1999,661.6483154
"0602PET0078",2000,1114.431274
"0602PET0078",2001,713.2371216
"0602PET0078",2002,848.9431763
"0602PET0078",2003,846.5261841
"0602PET0078",2004,808.2593994
"0602PET0078",2005,633.6346436
"0602PET0078",2006,756.9127197
"0602PET0078",2007,748.7382202
"0602PET0078",2008,605.5683594
"0602PET0078",2009,526.3494873
"0602PET0078",2010,407.7816772
"0602PET0078",2011,708.9102173
"0602PET0078",2012,480.2000334
"0602PET0078",2013,547.0178223
"0602PET0078",2014,447.4080505
"0602PET0078",2015,431.0808105
"0602PET0078",2016,354.7932739
"0602PET0078",2017,403.4887695
"0602PET0078",2018,424.7075806
"0602CRO0073",1985,1140.283819
"0602CRO0073",1986,1368.085195
"0602CRO0073",1987,1001.433793
"0602CRO0073",1988,912.4516808
"0602CRO0073",1989,1154.428463
"0602CRO0073",1990,1398.778011
"0602CRO0073",1991,1074.756137
"0602CRO0073",1992,1203.015908
"0602CRO0073",1993,1072.20408
"0602CRO0073",1994,1078.028628
"0602CRO0073",1995,807.4554295
"0602CRO0073",1996,1102.220288
"0602CRO0073",1997,867.590355
"0602CRO0073",1998,972.0183152
"0602CRO0073",1999,818.8346789
"0602CRO0073",2000,1170.325376
"0602CRO0073",2001,894.9437821
"0602CRO0073",2002,1041.680959
"0602CRO0073",2003,1001.773938
"0602CRO0073",2004,980.5695812
"0602CRO0073",2005,792.0973218
"0602CRO0073",2006,882.5871724
"0602CRO0073",2007,886.338238
"0602CRO0073",2008,709.9774952
"0602CRO0073",2009,590.0408967
"0602CRO0073",2010,530.1309661
"0602CRO0073",2011,693.4831018
"0602CRO0073",2012,489.7522619
"0602CRO0073",2013,612.9808735
"0602CRO0073",2014,556.632316
"0602CRO0073",2015,482.8385229
"0602CRO0073",2016,424.9311313
"0602CRO0073",2017,508.8035526
"0602CRO0073",2018,416.8459021
"0602BRA0154",1985,1088.00388
"0602BRA0154",1986,1175.496954
"0602BRA0154",1987,923.29778
"0602BRA0154",1988,771.8597594
"0602BRA0154",1989,948.7065115
"0602BRA0154",1990,1265.007956
"0602BRA0154",1991,986.4761827
"0602BRA0154",1992,978.0931406
"0602BRA0154",1993,961.590198
"0602BRA0154",1994,937.1584952
"0602BRA0154",1995,748.427114
"0602BRA0154",1996,999.4781095
"0602BRA0154",1997,816.1054236
"0602BRA0154",1998,890.2377495
"0602BRA0154",1999,654.0864749
"0602BRA0154",2000,1158.987956
"0602BRA0154",2001,880.0456319
"0602BRA0154",2002,1053.821684
"0602BRA0154",2003,1054.167001
"0602BRA0154",2004,831.4926153
"0602BRA0154",2005,625.4038507
"0602BRA0154",2006,778.1582888
"0602BRA0154",2007,895.3637984
"0602BRA0154",2008,651.9027708
"0602BRA0154",2009,522.6321965
"0602BRA0154",2010,479.5178671
"0602BRA0154",2011,631.1980819
"0602BRA0154",2012,488.2027483
"0602BRA0154",2013,589.5015065
"0602BRA0154",2014,512.2709728
"0602BRA0154",2015,451.5704621
"0602BRA0154",2016,429.6769903
"0602BRA0154",2017,468.44182
"0602BRA0154",2018,440.0905817
"0602HAT0155",1985,1089.18856
"0602HAT0155",1986,1177.115008
"0602HAT0155",1987,924.5827741
"0602HAT0155",1988,772.4098469
"0602HAT0155",1989,949.7687137
"0602HAT0155",1990,1267.189949
"0602HAT0155",1991,987.8702036
"0602HAT0155",1992,979.2180994
"0602HAT0155",1993,962.6876357
"0602HAT0155",1994,937.864134
"0602HAT0155",1995,749.3752094
"0602HAT0155",1996,1000.784204
"0602HAT0155",1997,817.0569474
"0602HAT0155",1998,892.7569471
"0602HAT0155",1999,656.0142743
"0602HAT0155",2000,1160.87257
"0602HAT0155",2001,881.11322
"0602HAT0155",2002,1055.267333
"0602HAT0155",2003,1056.007807
"0602HAT0155",2004,832.8316974
"0602HAT0155",2005,626.485336
"0602HAT0155",2006,779.4488602
"0602HAT0155",2007,896.7593159
"0602HAT0155",2008,652.9880496
"0602HAT0155",2009,523.5885823
"0602HAT0155",2010,480.6422955
"0602HAT0155",2011,632.9191642
"0602HAT0155",2012,490.761312
"0602HAT0155",2013,591.5479256
"0602HAT0155",2014,513.3445296
"0602HAT0155",2015,452.6031229
"0602HAT0155",2016,430.1957901
"0602HAT0155",2017,469.1322245
"0602HAT0155",2018,439.8690371
"1701LFR0662",1985,950.5033388
"1701LFR0662",1986,1050.33713
"1701LFR0662",1987,991.9206536
"1701LFR0662",1988,952.5033706
"1701LFR0662",1989,1255.211642
"1701LFR0662",1990,917.0368556
"1701LFR0662",1991,1017.45194
"1701LFR0662",1992,917.922038
"1701LFR0662",1993,841.0710119
"1701LFR0662",1994,923.0348947
"1701LFR0662",1995,666.6150504
"1701LFR0662",1996,1042.439631
"1701LFR0662",1997,761.2010041
"1701LFR0662",1998,955.3219222
"1701LFR0662",1999,549.1441822
"1701LFR0662",2000,709.0221408
"1701LFR0662",2001,761.4288194
"1701LFR0662",2002,740.8112887
"1701LFR0662",2003,762.6292315
"1701LFR0662",2004,559.9958596
"1701LFR0662",2005,561.4852918
"1701LFR0662",2006,720.936077
"1701LFR0662",2007,726.3236587
"1701LFR0662",2008,682.8653231
"1701LFR0662",2009,589.5665777
"1701LFR0662",2010,415.8200747
"1701LFR0662",2011,512.0421082
"1701LFR0662",2012,355.4533081
"1701LFR0662",2013,346.8771253
"1701LFR0662",2014,383.0626853
"1701LFR0662",2015,347.9626119
"1701LFR0662",2016,331.9472293
"1701LFR0662",2017,401.5628429
"1701LFR0662",2018,337.6321411
"1302CAR0062A",1985,1018.582825
"1302CAR0062A",1986,1167.013733
"1302CAR0062A",1987,1008.386871
"1302CAR0062A",1988,909.0093079
"1302CAR0062A",1989,1206.170105
"1302CAR0062A",1990,1165.17572
"1302CAR0062A",1991,992.4945374
"1302CAR0062A",1992,1007.263428
"1302CAR0062A",1993,878.2374268
"1302CAR0062A",1994,1018.469299
"1302CAR0062A",1995,580.4854736
"1302CAR0062A",1996,1026.023438
"1302CAR0062A",1997,787.7142944
"1302CAR0062A",1998,813.5319519
"1302CAR0062A",1999,550.9376831
"1302CAR0062A",2000,910.957428
"1302CAR0062A",2001,721.3141479
"1302CAR0062A",2002,681.0518799
"1302CAR0062A",2003,898.2776794
"1302CAR0062A",2004,951.832428
"1302CAR0062A",2005,609.343689
"1302CAR0062A",2006,727.7118835
"1302CAR0062A",2007,764.4371948
"1302CAR0062A",2008,729.0124207
"1302CAR0062A",2009,524.3470154
"1302CAR0062A",2010,448.8539734
"1302CAR0062A",2011,720.9560852
"1302CAR0062A",2012,438.2966461
"1302CAR0062A",2013,401.6323853
"1302CAR0062A",2014,436.657959
"1302CAR0062A",2015,352.878891
"1302CAR0062A",2016,347.4472656
"1302CAR0062A",2017,353.8581696
"1302CAR0062A",2018,459.6159291
"1501LUC0982B",1985,1077.72297
"1501LUC0982B",1986,1178.340681
"1501LUC0982B",1987,1006.801461
"1501LUC0982B",1988,895.8675886
"1501LUC0982B",1989,1209.490165
"1501LUC0982B",1990,1204.155465
"1501LUC0982B",1991,1037.587455
"1501LUC0982B",1992,1058.334141
"1501LUC0982B",1993,879.430385
"1501LUC0982B",1994,1187.262503
"1501LUC0982B",1995,735.1173444
"1501LUC0982B",1996,1136.868914
"1501LUC0982B",1997,812.8069371
"1501LUC0982B",1998,882.6905169
"1501LUC0982B",1999,648.778547
"1501LUC0982B",2000,909.4109235
"1501LUC0982B",2001,697.2555716
"1501LUC0982B",2002,717.5247803
"1501LUC0982B",2003,881.5619594
"1501LUC0982B",2004,811.4947597
"1501LUC0982B",2005,647.7224121
"1501LUC0982B",2006,701.8696115
"1501LUC0982B",2007,729.608381
"1501LUC0982B",2008,740.7253069
"1501LUC0982B",2009,537.844247
"1501LUC0982B",2010,428.1513541
"1501LUC0982B",2011,653.472665
"1501LUC0982B",2012,456.7570679
"1501LUC0982B",2013,451.778329
"1501LUC0982B",2014,443.0060948
"1501LUC0982B",2015,315.2336862
"1501LUC0982B",2016,363.1620353
"1501LUC0982B",2017,342.1692941
"1501LUC0982B",2018,401.1499262
"0303NOR1041",1985,1461.769941
"0303NOR1041",1986,1359.6085
"0303NOR1041",1987,1227.178275
"0303NOR1041",1988,1177.483215
"0303NOR1041",1989,1244.614115
"0303NOR1041",1990,1469.640093
"0303NOR1041",1991,1234.005022
"0303NOR1041",1992,1367.230091
"0303NOR1041",1993,1188.526925
"0303NOR1041",1994,1049.595389
"0303NOR1041",1995,1048.595571
"0303NOR1041",1996,1174.374333
"0303NOR1041",1997,1136.067547
"0303NOR1041",1998,1056.136927
"0303NOR1041",1999,767.0043007
"0303NOR1041",2000,1273.574073
"0303NOR1041",2001,963.3254067
"0303NOR1041",2002,1192.629865
"0303NOR1041",2003,1235.677883
"0303NOR1041",2004,758.2000837
"0303NOR1041",2005,780.2285662
"0303NOR1041",2006,843.2455251
"0303NOR1041",2007,926.8980192
"0303NOR1041",2008,738.6212932
"0303NOR1041",2009,555.3676497
"0303NOR1041",2010,450.926574
"0303NOR1041",2011,567.4872064
"0303NOR1041",2012,530.1471613
"0303NOR1041",2013,711.0942179
"0303NOR1041",2014,536.9580814
"0303NOR1041",2015,558.2794088
"0303NOR1041",2016,536.5224774
"0303NOR1041",2017,585.1169966
"0303NOR1041",2018,522.9104254
"0302SOD0096",1985,1121.483185
"0302SOD0096",1986,1333.655334
"0302SOD0096",1987,999.9080963
"0302SOD0096",1988,825.7535324
"0302SOD0096",1989,940.4511719
"0302SOD0096",1990,1150.935247
"0302SOD0096",1991,1010.696042
"0302SOD0096",1992,1233.549067
"0302SOD0096",1993,888.8095144
"0302SOD0096",1994,777.755366
"0302SOD0096",1995,667.9607035
"0302SOD0096",1996,944.5140889
"0302SOD0096",1997,794.1012141
"0302SOD0096",1998,908.551384
"0302SOD0096",1999,661.301712
"0302SOD0096",2000,987.7063573
"0302SOD0096",2001,726.7711182
"0302SOD0096",2002,887.4838231
"0302SOD0096",2003,892.9302622
"0302SOD0096",2004,844.5423635
"0302SOD0096",2005,674.3003667
"0302SOD0096",2006,802.6358312
"0302SOD0096",2007,726.6632563
"0302SOD0096",2008,653.434728
"0302SOD0096",2009,554.7692744
"0302SOD0096",2010,464.4032733
"0302SOD0096",2011,586.9852269
"0302SOD0096",2012,503.3337274
"0302SOD0096",2013,548.2339503
"0302SOD0096",2014,459.9714228
"0302SOD0096",2015,473.1024984
"0302SOD0096",2016,393.8067818
"0302SOD0096",2017,473.8031782
"0302SOD0096",2018,432.5072545
"1310COP0108",1985,904.0439895
"1310COP0108",1986,1022.396152
"1310COP0108",1987,769.2454131
"1310COP0108",1988,802.941093
"1310COP0108",1989,932.2425775
"1310COP0108",1990,1028.864674
"1310COP0108",1991,875.4898637
"1310COP0108",1992,836.9432683
"1310COP0108",1993,785.7885544
"1310COP0108",1994,887.3684173
"1310COP0108",1995,692.0506827
"1310COP0108",1996,888.4493461
"1310COP0108",1997,685.6973636
"1310COP0108",1998,730.2074481
"1310COP0108",1999,529.6810963
"1310COP0108",2000,912.5164905
"1310COP0108",2001,556.4605896
"1310COP0108",2002,702.9615698
"1310COP0108",2003,721.1658048
"1310COP0108",2004,655.7392398
"1310COP0108",2005,545.3164513
"1310COP0108",2006,579.8337106
"1310COP0108",2007,680.2074418
"1310COP0108",2008,653.8632894
"1310COP0108",2009,443.5037619
"1310COP0108",2010,355.9234594
"1310COP0108",2011,501.0844843
"1310COP0108",2012,357.7759405
"1310COP0108",2013,384.8410986
"1310COP0108",2014,375.5165086
"1310COP0108",2015,316.0720049
"1310COP0108",2016,338.8750396
"1310COP0108",2017,305.6769059
"1310COP0108",2018,362.5004282
"1308ROB0902",1985,884.2470296
"1308ROB0902",1986,1037.594035
"1308ROB0902",1987,842.5821601
"1308ROB0902",1988,852.1656562
"1308ROB0902",1989,1003.078959
"1308ROB0902",1990,1090.586494
"1308ROB0902",1991,946.9838528
"1308ROB0902",1992,901.4543186
"1308ROB0902",1993,841.152103
"1308ROB0902",1994,910.0323738
"1308ROB0902",1995,718.599595
"1308ROB0902",1996,962.5496036
"1308ROB0902",1997,726.2861795
"1308ROB0902",1998,763.1001205
"1308ROB0902",1999,540.5512049
"1308ROB0902",2000,937.2144416
"1308ROB0902",2001,599.8538459
"1308ROB0902",2002,731.2429056
"1308ROB0902",2003,748.4342615
"1308ROB0902",2004,671.4631922
"1308ROB0902",2005,574.6328161
"1308ROB0902",2006,600.453344
"1308ROB0902",2007,702.1154283
"1308ROB0902",2008,675.5439058
"1308ROB0902",2009,453.4538915
"1308ROB0902",2010,370.1771204
"1308ROB0902",2011,514.1109978
"1308ROB0902",2012,370.3860953
"1308ROB0902",2013,400.891304
"1308ROB0902",2014,380.823122
"1308ROB0902",2015,326.3828983
"1308ROB0902",2016,321.3708725
"1308ROB0902",2017,306.3539715
"1308ROB0902",2018,366.4050773
"1104SCH0374",1985,835.3581537
"1104SCH0374",1986,921.2683472
"1104SCH0374",1987,878.0769472
"1104SCH0374",1988,762.3883226
"1104SCH0374",1989,865.1341928
"1104SCH0374",1990,1028.235649
"1104SCH0374",1991,730.324872
"1104SCH0374",1992,660.7800061
"1104SCH0374",1993,736.2558149
"1104SCH0374",1994,821.2585928
"1104SCH0374",1995,620.130588
"1104SCH0374",1996,686.7410328
"1104SCH0374",1997,605.0902557
"1104SCH0374",1998,724.1038109
"1104SCH0374",1999,481.4264115
"1104SCH0374",2000,709.5162698
"1104SCH0374",2001,505.4530361
"1104SCH0374",2002,687.0560074
"1104SCH0374",2003,609.470012
"1104SCH0374",2004,561.5342377
"1104SCH0374",2005,523.3692588
"1104SCH0374",2006,544.5195669
"1104SCH0374",2007,605.3545595
"1104SCH0374",2008,587.4415427
"1104SCH0374",2009,420.9111419
"1104SCH0374",2010,369.0650411
"1104SCH0374",2011,498.0191143
"1104SCH0374",2012,386.6811068
"1104SCH0374",2013,395.0107799
"1104SCH0374",2014,374.1909416
"1104SCH0374",2015,324.2659624
"1104SCH0374",2016,288.3406546
"1104SCH0374",2017,336.7189743
"1104SCH0374",2018,272.2269326
"1102BAB1109",1985,890.4234484
"1102BAB1109",1986,1030.625212
"1102BAB1109",1987,857.3497373
"1102BAB1109",1988,851.7416124
"1102BAB1109",1989,991.4279023
"1102BAB1109",1990,1104.008286
"1102BAB1109",1991,1015.982707
"1102BAB1109",1992,815.5521297
"1102BAB1109",1993,822.2616219
"1102BAB1109",1994,929.3177787
"1102BAB1109",1995,886.456271
"1102BAB1109",1996,941.1984439
"1102BAB1109",1997,700.2658903
"1102BAB1109",1998,808.0757446
"1102BAB1109",1999,560.2239581
"1102BAB1109",2000,1013.500962
"1102BAB1109",2001,564.8691576
"1102BAB1109",2002,1024.627843
"1102BAB1109",2003,732.9971216
"1102BAB1109",2004,741.1384487
"1102BAB1109",2005,594.4762054
"1102BAB1109",2006,642.023285
"1102BAB1109",2007,741.151838
"1102BAB1109",2008,627.9106668
"1102BAB1109",2009,400.723767
"1102BAB1109",2010,358.1622049
"1102BAB1109",2011,474.2928629
"1102BAB1109",2012,355.2305796
"1102BAB1109",2013,472.4979734
"1102BAB1109",2014,345.2261235
"1102BAB1109",2015,333.6780584
"1102BAB1109",2016,326.8211287
"1102BAB1109",2017,344.5663727
"1102BAB1109",2018,310.6019432
"1204MAD1051",1985,1002.239193
"1204MAD1051",1986,1143.068371
"1204MAD1051",1987,886.6157167
"1204MAD1051",1988,798.1295517
"1204MAD1051",1989,928.2209313
"1204MAD1051",1990,1152.350633
"1204MAD1051",1991,937.7737569
"1204MAD1051",1992,944.1943529
"1204MAD1051",1993,926.2338302
"1204MAD1051",1994,909.6409476
"1204MAD1051",1995,665.4032713
"1204MAD1051",1996,904.6095359
"1204MAD1051",1997,763.7752047
"1204MAD1051",1998,838.3073575
"1204MAD1051",1999,558.1271493
"1204MAD1051",2000,1107.739752
"1204MAD1051",2001,782.8781151
"1204MAD1051",2002,993.9430816
"1204MAD1051",2003,948.7842329
"1204MAD1051",2004,763.6869234
"1204MAD1051",2005,578.3724487
"1204MAD1051",2006,699.8915319
"1204MAD1051",2007,813.6503732
"1204MAD1051",2008,607.8297753
"1204MAD1051",2009,470.7491974
"1204MAD1051",2010,427.6588554
"1204MAD1051",2011,584.274889
"1204MAD1051",2012,451.4772439
"1204MAD1051",2013,560.8883079
"1204MAD1051",2014,477.1284801
"1204MAD1051",2015,419.0704233
"1204MAD1051",2016,397.6124363
"1204MAD1051",2017,417.9146566
"1204MAD1051",2018,394.9140615
"1005GLE0441",1985,726.8942871
"1005GLE0441",1986,964.1010986
"1005GLE0441",1987,898.5779663
"1005GLE0441",1988,818.6915527
"1005GLE0441",1989,912.0219727
"1005GLE0441",1990,1046.77915
"1005GLE0441",1991,765.0680786
"1005GLE0441",1992,794.0612549
"1005GLE0441",1993,755.8140015
"1005GLE0441",1994,958.5489197
"1005GLE0441",1995,630.1285604
"1005GLE0441",1996,751.7938029
"1005GLE0441",1997,706.7848409
"1005GLE0441",1998,720.5680455
"1005GLE0441",1999,451.8273926
"1005GLE0441",2000,803.4354553
"1005GLE0441",2001,521.1546631
"1005GLE0441",2002,819.1686605
"1005GLE0441",2003,722.4417318
"1005GLE0441",2004,594.2886759
"1005GLE0441",2005,545.9738159
"1005GLE0441",2006,626.7248027
"1005GLE0441",2007,664.0198263
"1005GLE0441",2008,626.6374715
"1005GLE0441",2009,418.0407206
"1005GLE0441",2010,369.5839081
"1005GLE0441",2011,462.8144582
"1005GLE0441",2012,381.5024109
"1005GLE0441",2013,402.7179362
"1005GLE0441",2014,384.5244649
"1005GLE0441",2015,321.8961131
"1005GLE0441",2016,331.6027934
"1005GLE0441",2017,350.0623322
"1005GLE0441",2018,302.5307906
"1310QUE0057",1985,848.7704144
"1310QUE0057",1986,1005.102221
"1310QUE0057",1987,858.7850038
"1310QUE0057",1988,808.4487901
"1310QUE0057",1989,980.0725446
"1310QUE0057",1990,1058.033473
"1310QUE0057",1991,945.5453892
"1310QUE0057",1992,856.5413379
"1310QUE0057",1993,823.4394756
"1310QUE0057",1994,885.7041216
"1310QUE0057",1995,754.4177937
"1310QUE0057",1996,954.6037352
"1310QUE0057",1997,753.8494486
"1310QUE0057",1998,781.2716306
"1310QUE0057",1999,531.4950859
"1310QUE0057",2000,964.0197227
"1310QUE0057",2001,639.1918703
"1310QUE0057",2002,791.5373203
"1310QUE0057",2003,753.381444
"1310QUE0057",2004,681.5064325
"1310QUE0057",2005,540.5552718
"1310QUE0057",2006,575.3022609
"1310QUE0057",2007,701.6216894
"1310QUE0057",2008,663.9496299
"1310QUE0057",2009,444.5884359
"1310QUE0057",2010,358.5797204
"1310QUE0057",2011,504.9798102
"1310QUE0057",2012,372.7472165
"1310QUE0057",2013,434.7641781
"1310QUE0057",2014,390.1125245
"1310QUE0057",2015,356.5694376
"1310QUE0057",2016,328.2105263
"1310QUE0057",2017,300.4497482
"1310QUE0057",2018,357.3671265
